<?xml version="1.0" encoding="UTF-8"?>
<project-private xmlns="http://www.netbeans.org/ns/project-private/1">
    <editor-bookmarks xmlns="http://www.netbeans.org/ns/editor-bookmarks/2" lastBookmarkId="0"/>
    <open-files xmlns="http://www.netbeans.org/ns/projectui-open-files/2">
        <group>
            <file>file:/C:/Users/ADMIN/Documents/NetBeansProjects/Project-BookStore/web/Login.jsp</file>
            <file>file:/C:/Users/ADMIN/Documents/NetBeansProjects/Project-BookStore/web/CustomerAccount.jsp</file>
            <file>file:/C:/Users/ADMIN/Documents/NetBeansProjects/Project-BookStore/web/Home.jsp</file>
            <file>file:/C:/Users/ADMIN/Documents/NetBeansProjects/Project-BookStore/src/java/com/bookstore/control/LoginControl.java</file>
            <file>file:/C:/Users/ADMIN/Documents/NetBeansProjects/Project-BookStore/src/java/com/bookstore/bean/UserBean.java</file>
            <file>file:/C:/Users/ADMIN/Documents/NetBeansProjects/Project-BookStore/web/header.jsp</file>
            <file>file:/C:/Users/ADMIN/Documents/NetBeansProjects/Project-BookStore/web/StaffAccount.jsp</file>
            <file>file:/C:/Users/ADMIN/Documents/NetBeansProjects/Project-BookStore/web/Logout.jsp</file>
        </group>
    </open-files>
</project-private>
